question,answer
i missed the tv news last night. what was on?,nothing that would pass as news.
they forget who put them in power.,they forget where they came from.
"oh, no. our ashes will be shaken into the ocean.",you're not going to be buried?
were you able to attend friday night's basketball game?,i was unable to make it.
i wish i could move here.,"maybe you can, if someone moves out."
what are they paying?,"up to $200 for each gun, no questions asked."
"no, i don't. do you?","i don't have a girlfriend, either."
yes?,see those stains?
people are funny.,they sure are.
"i sent them $20 using my credit card, but they never sent me the solution.",what are you going to do?
"like ""one, two, buckle my shoe.""",but people still write poems.
that wasn't very nice of her.,she said that nothing is more important to me than money.
and they will yell back at you.,yelling doesn't do any good.
did the cops find out why he flew into the u.s.?,his life sucked. he was hoping a fighter jet would shoot him down.
it has great schools.,it's close to the mountains.
"yes, about $7 million.",that will teach him a good lesson.
"well, you'll have hot fresh food tomorrow night.",i'm so full i'm going to burst.
i love to eat the peanuts.,i love to eat the hot dogs.
are you going to travel alone?,"no, my sister and i will travel together."
"exactly, it was my favorite class.","well, it's good that you're so talented."
that sounds like a dream job.,"it was, until one day my manager caught me."
"well, i guess that's it.","yes, that's all i need for now."
"let me see. yes, you're right. your orange is pink.",who ever heard of such a thing?
talk to you then.,"all right, see you."
what school do you go to?,i go to pcc.
"it still works, but i'm going to give it to a charity.",are you going to buy a desktop or laptop?
of course. what else?,"we need cheese, bread, and ham."
do you think the bananas fell from the sky?,what do you mean?
why don't you go to bed?,i want to watch this tv show.
they're building a 3-story apartment building on the corner.,so we've got to sell before property values go down?
i hate to fly.,because of all the security?
what did you say?,i said i have to go to the bathroom.
and watch your dvd.,i always cry at the end.
you don't like pretty women?,of course i do. but not on our flag!
why did you do that?,pasta is processed food. potatoes are natural food.
so did i.,i didn't even have lunch.
i sure would like to see something interesting for a change.,"if more people donate money, pbs could offer new shows."
what did you say?,i told her i wouldn't trade her for any other woman in the world.
i was a painter.,what happened?
i enjoy the different types of instruments that they use.,that is a perfect reason to like a certain kind of music.
a tree fell onto my dad's car.,was there much damage?
do you want to do something tomorrow?,is there somewhere special you wanted to go?
my friend got a ticket for doing 75.,your friend was unlucky.
how can he still be alive?,his doctor says his heart and lungs are strong and healthy.
"no, but i did put on a few pounds.",that sounds like a dream job.
they sure do.,they like guys with new cars.
they say he's going 80 miles per hour.,he's going to kill someone.
mostly talk radio.,what's that?
"okay, what do you want to sell?",cigarette lighters. i'll make a fortune.
we'll go to a french restaurant.,i've never been to a french restaurant.
what have you been doing?,i've just been working really hard.
describe her to me.,she's not too tall.
i like this restaurant because they give you free bread.,"well, i think we are paying for it."
i did.,what happened?
i attended school today. did you?,i wasn't able to attend school because i was feeling ill.
his nails were black!,that's disgusting.
anything else?,i need a notebook.
i guess you see lots of different dogs.,we don't even know what kind most of them are.
yes. that's why it's also the best hamburger in town.,a great burger and great service.
do you have any other skills?,"well, i know how to flip hamburgers."
and there are only six units in the whole building.,where's the checkbook? i'm ready to rent it without even seeing it.
"i eat two apples, one banana, and one orange every day.","well, there's nothing wrong with that."
i'll get our fishing rods.,i'll get the bait.
i loved you the first day i saw you.,it was love at first sight?
you must be kidding.,"no, i'm not. it's march. time is running out. seats are selling out right now."
what do we need to buy?,let me look at our list.
we haven't been in a month.,"the last time we went, you almost drowned."
i didn't know you knew how to draw and paint.,i do it every once in a while.
thank you.,would you have dinner with me?
that sounds delicious.,i know a good chinese restaurant.
bring a glove to catch a foul ball.,no. i'll just use my cap to catch a foul ball.
"honestly, it is one of the funniest movies i've seen in a long time.",you're right. that movie is hilarious.
turn on the light.,the light is on.
"oh, yes, i really like it.",why do you like it?
did you give him a nose?,of course. we gave him a big carrot for a nose.
i thought you heard.,i really wasn't told anything.
where did you lose it?,i have no idea.
have you decided how you are going to vote?,"do you mean on measures 1, 2, and 3?"
it's supposed to be unlucky.,you're supposed to stay home all day.
i think we should just leave after we fill up on the bread.,they probably wouldn't like that.
i want to. i heard it's going to be really fun.,"i know, it does sound pretty awesome."
"so, did you want to go?","no, thanks, maybe another time."
she's really pretty.,describe her to me.
last night they told us about a cat in a sofa.,yesterday they told us about a dog in a pipe.
that sounds good.,"all right, so i'll see you then."
"i enjoy the winter, but it gets really cold sometimes.","i know what you mean, but i'd rather be cold than hot."
you can't believe what you read in the newspapers.,everyone tells you a different story about the same thing.
what reason do you have for missing school?,i was sick.
they could even crack their head open.,we should stand here till the clean-up person gets here.
have you looked in the mirror?,do you think i'm getting fat?
what happened?,i don't know.
did you do the laundry?,"yes, i did."
they don't believe us?,no. they can only give a ticket if they see it happen.
that's a good deal.,"yes, even though some of the potatoes had eyes."
you might be right.,do pimples run in your family?
he should act his age.,but a lot of old people are still interested in dating.
what do you mean?,a team of doctors gave her a whole new face.
did you like it?,i loved it. i want to live there.
but bush visited some of them in the hospital once.,that's nice that he found the time to make a visit.
you need to get a lot of lessons when you're really young.,forget it. golf sounds more like work than fun.
what happened?,i got laid off because there was no work.
what's the matter?,maybe i left the burner on.
me too. they canceled their other news magazines.,so did mine!
put on a coat and tie.,why?
what did you do?,i turned up the volume.
but i love pizza.,everybody loves pizza.
you can see the stars so much more clearly after it rains.,i would love for it to rain today.
"like keep your left arm straight, keep your head down, and follow through.",yikes! who can remember all that?
"i gave her $1,000 for her birthday. i told her to spend it on herself.",that was very nice of you.
"i apologize, but i'm getting off the phone now.",okay.
"yes, old people don't smell like fruit.","no, they smell like a thrift shop."
i am really excited for you.,are you really?
that's what i need to do.,he'll give you a prescription for glasses.
he's going to kill someone.,look! he just hit that car.
"really, where did you get it?",i got it from macy's.
my husband died.,i'm sorry for you.
teaching is a great job.,it's the best job i've ever had.
what difference does it make?,female singers are supposed to be pretty.
she's about five feet even.,"what does she look like, though?"
what's the matter with that?,her mom is a great cook.
"it is delicious, especially with butter.",i think we should just leave after we fill up on the bread.
i have to be there two hours early.,so we have to be at the airport at 10:15.
what's up?,"nothing much, what's going on?"
"so do i, but i'm worried.",me too. there are no guarantees.
i folded all the towels.,did you put the sheets on the beds?
"thank you very much, that's kind of you.",don't mention it.
i don't really feel too well yet.,do you want anything to make you feel better?
you think i should quit playing.,save your money for school.
i was doing my homework.,the cat doesn't care about your homework.
"he was invited, along with about 90 other veterans.",who invited them?
"that's nice, but tell me what she looks like.",the first thing i noticed was her beautiful brown eyes.
and then you chase it.,and then you hit it again.
don't mention it.,"when you miss a day of school, i'll be happy to give you the english assignments."
"no, i always back up my files.",you're smart.
tiger is the greatest golfer in the world.,you can say that again.
how do you know?,because they always do.
this is a great neighborhood.,"yes, it is."
we need to save enough for a down payment.,how much is that?
the internet is amazing.,you can travel all over the world.
and then we can go to my home.,and watch your dvd.
i don't think he even got paid for it.,some people do it just to do it.
"i still have my job, thank goodness.","so do i, but i'm worried."
why? we're already late.,i have to check the stove.
of course.,prove it.
"yesterday, a woman complained about a cell phone she bought on ebay.",was something wrong with the phone?
"well, if i have a big test at school.",does god answer your prayers?
"but when i sneak just one cigarette in the morning, she can smell it that evening!","boy, that is a good nose."
"would you put suntan lotion on my back, please?",sure.
computers are so cool.,i love to go online.
who's the greatest baseball player?,there are so many great players.
i can't remember jokes.,neither can i.
"i'll bet he was drinking, too.",the victim hit his head on the concrete steps and died.
that's exactly how i felt.,"i got the movie when it came out on dvd, do you want to come over?"
"no, when i call him on his cell phone.",what do you mean?
"that's a good idea, but there was a good sale at this store.",did you save any money on the sale?
that's not the attitude of a good driver.,but i am a good driver. i've never had a ticket in my life.
actors didn't curse back then.,and there was no violence.
but big earthquakes happen only once in a while.,once in a while is once too many.
eight.,they're all so cute.
i've been good. i'm in school right now.,what school do you go to?
a couple of months ago.,you still miss him.
now it's like riding a bus.,you're jammed in with people all around you.
a recent fire destroyed 85 homes.,"still, it's safer than florida."
the street isn't wet.,i have to go shopping today.
exactly what?,all i get is a black screen.
"her face is really fat, but they say the swelling will go down.",and then will she look normal again?
can't we hire more police?,no. it costs too much money.
"well, the democratic party says it was an honest election.",of course they say thatÂ—their man won!
i enjoy rock and r&b.,why is that?
do you eat fruits and vegetables every day?,"no, i hate vegetables."
what did you do?,i bought some stock.
even though they're in black and white.,a good story is more important than color.
i want it to cool down some.,"i know what you mean, i can't wait until it's winter."
maybe he ran out of gas.,look! he just got out of the car and started running.
"only 4,000 american soldiers were killed overseas.","not to mention 40,000 wounded soldiers."
they sure are.,did you hear about the pilot?
how many rich people do you know?,none.
i type too much.,you should take a break.
"""deal or no deal""",tell me you're joking.
did you see the woman with the new face?,did she get a nice job?
i've got to go.,i wasn't done talking to you.
thank you.,you shouldn't lie in the sun for too long.
"tell me about it, dad.",about 90 of us world war ii veterans got on the plane at 8 a.m.
i think most jokes are about women.,"oh, really? i think most jokes are about men!"
i mixed them together.,"if the coffee still tastes okay, that's a good idea."
she was a cute 8 pounds 6 ounces.,"wow, how exciting."
how's it going?,i'm doing well. how about you?
and grow a beard?,sure. why not?
sunday means we go to church.,"oh, yeah."
that's true. it is a very funny movie.,you've seen it before? 
the tape recorder is broken.,then you should watch the rerun.
look at all these kittens!,how many are there?
"yes, that will occur next month.",most of them are already broadcasting in digital.
they call him father dollar bill.,"yes, he was on the tv news today."
"give me the envelope, and i'll mail it for you.",when is grandma going to learn about e-mail?
the baby was 8 pounds 6 ounces.,that's good to hear.
they hope they will go to heaven.,they probably will.
i understand. rain does make it smell cleaner.,i love most how it is at night after it rains.
"well, i have to go back upstairs anyway.",it's getting later every minute.
you know i don't like crowds.,let's go to an early movie.
"okay, i'll get a bucket.",i'll rinse the car first.
that woman is a very good singer.,"yes, but she looks like a man."
"it's time for your bath, young lady.","but, mom, i'm not dirty."
you think they won't fit?,i think i've put on some weight.
here you go.,do you know why i pulled you over?
i love to go online.,the internet is amazing.
where did you lose it?,i don't know.
but the show will be over.,there will be another show next week.
i took the dog for a walk.,i'll bet he enjoyed his walk.
i don't really want to.,"well, why don't you?"
they like guys with new cars.,i don't have money or a new car.
we can watch my dvd.,and then we can go to my home.
thank you. i just got this outfit the other day.,"really, where did you get it?"
i think we should go out to eat.,that sounds good.
"hi, how are you doing?",i'm fine. how about yourself?
"yes, it's just a couple of screws.",that's nice.
the nation is switching to digital tv.,oh. of course i'm ready.
so we have to be at the airport at 10:15.,that means we have to leave the house at 9:15.
"yes, but she looks like a man.",what difference does it make?
that wouldn't seem right.,"considering that it's over ninety degrees outside, that would be weird."
that means it will get hotter.,i am dying from the heat.
you're right. buses don't run late at night.,"number four, it's too crowded."
like what?,i think he closed the bowling alley in the white house.
all they think about is themselves.,maybe we should get rid of him.
we can be there in 20 minutes.,i'll get our fishing rods.
i thought you had an elephant in your house.,you're funny.
would you have dinner with me?,i would like to.
i'm going to take five wipes.,what do you need five of them for?
"and it's deep, too.",i think it's five miles deep.
your chances are very small.,but you can't win if you don't play.
i have no idea. all of a sudden i heard your siren.,you rolled through that stop sign back there.
i feel the same way. it smells so good after it rains.,i especially love the night air when it rains.
how did we end up in that terrible hotel?,the travel agent gave us a 50-percent discount!
i listen to various types of music.,what genres?
my friend stayed in a hotel on friday the thirteenth.,that was a mistake.
to try something new and exciting.,what if i don't like her?
have you tried earplugs?,"they don't work, either."
"yes, he made the home run popular.","everybody loved him, all over the nation."
about 90 of us world war ii veterans got on the plane at 8 a.m.,how long was the flight?
now you're thinking.,you'd think a library would be safe from thieves.
you're right. this one does have an extra button.,now all you have to do is sew it on.
i want to get a puppy for my son.,that will make him so happy.
so are we going to buy it?,i'm afraid not.
he changed the game.,"yes, he made the home run popular."
what's your favorite thing to do?,i like to watch people.
i really can't stand going to parties.,"i understand, i guess."
do you think i'll forget to do it?,"you'll remember to do it, but you won't have time to do it."
i sprinkled salt and pepper on the food before i tasted it.,what's the matter with that?
he's never going to make everyone happy.,can you imagine being president?
"okay, i give up.","well, there is one good table."
"if the company goes out of business, i'll have nothing.","oh, you'll have somethingÂ—you'll have a lesson you'll never forget!"
so i should stop thinking?,stop thinking about what the point is.
a travel show follows another travel show.,i'll say! i've gone around the world a dozen times already!
nothing seems to work.,"all it takes is will power, and you have it."
i can't believe how hot it is.,it's not even noon yet.
and now i'm glad that i didn't.,why's that?
so i'll see you next time.,i'm going to call you soon. 
do you feel better now?,i don't really feel too well yet.
good luck with school.,thank you very much.
yes. i bought a cadillac.,a luxury car.
me too. it always smells so fresh after it rains.,"yes, but i love the night air after it rains."
i can't get a single channel.,do you have a digital tv?
i bought it from the macy's at the santa anita mall.,i really like that outfit.
what have you been doing?,i've been working too.
they want to get guns off the street.,who would turn in a gun for $200?
"you think so, how come?","well, superbad is super funny."
why is that?,i really love how rain clears the air.
you think so?,yes. good for you.
rude people are everywhere.,but what can you do?
you put all your eggs into one basket.,"if the company goes out of business, i'll have nothing."
someone had to chop the wood.,and carry it into the house.
a cooking show follows a sewing show.,a travel show follows another travel show.
you know the rules.,i hate the rules! i can't wait till i grow up.
it's only 10 minutes from here.,do we need reservations?
didn't you laugh through the whole movie? i did.,me too. that movie brought tears to my eyes.
i never miss the food and drink section.,i gave a subscription to my parents.
poodles bark a lot.,they sure do.
that hotel was terrible.,the worst in the whole world.
i think some fish have blue eyes.,i hope i don't come back as a fish.
i washed the sheets and towels.,what about the pillowcases?
the officer said the red hand was blinking.,was it blinking when you entered the crosswalk?
why did they ever let him out?,it's the law. they can't keep him in jail forever.
"no, i haven't.",she's really pretty.
they trust in god.,they hope they will go to heaven.
you didn't read about the company first?,i didn't have to. it's been in business for 60 years.
okay. i just put a stamp on the envelope.,"give me the envelope, and i'll mail it for you."
it's the law. they can't keep him in jail forever.,why not? everyone knows he's a firebug. he loves to start fires.
where do you want to go?,i think we should go out to eat.
can't you report him to his supervisor?,"of course not. if i do that, i'll lose my job."
i'd better see you there.,all right. i'll see you next time.
they should stay in the woods where they belong.,there's no food in the woods.
are you sure?,"we will be house rich, but cash poor."
"i really wanted you to come, but i understand.","yeah, maybe next time."
have you taken anything for your cold?,"no, i just blow my nose a lot."
you should take a break.,i need to type to make money.
what do you want to do?,i want to get a puppy for my son.
i have it on dvd at my house if you want to come over and watch it.,"sure, let's go."
"it's in the fridge, i think.","oh, yes, here it is. do you want a sandwich?"
did you take it to a computer shop?,i would if i had the money.
"well, it's your life.",you eat too much chocolate.
maybe i left the burner on.,"no, you didn't. i checked the stove before we left."
i was meaning to ask you if you saw the basketball game on friday.,"i wanted to go, but i couldn't."
he's the best man for president.,why's that?
of course.,then i have a job for you in my kitchen.
no. look at the bill when we get it. there's no charge for the bread.,"it is delicious, especially with butter."
i feel like chinese.,that sounds delicious.
so? that's a ticket?,"yes, it's a $140 ticket."
what's so hard about hitting a little white ball?,it's hard if you want to do it right.
"no, my sister and i will travel together.","well, you should go online and try to find a good deal."
really? why is it?,because you can see the stars perfectly.
thank you very much.,i wish i had a talent like that.
did you check all your pockets?,i checked all my pockets.
but most of those hurricanes are harmless.,"excuse me. hurricane andrew destroyed 30,000 homes!"
i'm having a party this friday.,"oh, really? that's nice."
"well whatever, i'm glad you came.",so am i.
can i borrow $5?,sure. why do you need it?
why not?,i don't know. maybe i'm not rich enough.
i'm going to have to say that superbad is the best movie ever.,"you think so, how come?"
i don't know. the tag is missing.,ask the clerk.
but i'm listening to it.,"well, listen to it more quietly."
that didn't take long.,you think i should quit playing.
"if you want to lose fat, you've got to do this hike every day.","okay, but let's hike in town. at least there are cats and dogs to see."
but typing is causing you pain.,maybe i should see a doctor.
it gets worse every year.,why are you complaining? we're going almost 20 miles an hour.
maybe the milk was bad.,it didn't smell bad.
"no, i'm serious.",i don't want to date a blind woman.
i don't understand why you haven't come to visit me.,"lately, i've been quite busy."
two guys got into an argument.,i'll bet they were drinking.
i love peanuts.,"me, too. i love them roasted and salted."
it can be dangerous.,you mean he could drown.
"oh, yeah.",put on a coat and tie.
"i know, it does sound pretty awesome.","well, when does the party start?"
spanish is easy. i'll be happy to teach you.,how long will it take me to learn?
is that right? i already got my invitation from her earlier.,i believe that she will give me the invitation today.
sure.,thank you.
"no, the police don't care.",why not?
but that's what pockets are for.,you should carry them in a purse.
of course you are. you ate everything on the table.,i don't like to eat leftovers.
"well, you can't have everything.",i don't think i want to go to your heaven.
what do you mean?,"i mean, keep your belongings close to you."
i'll say. my girlfriend has a nose like a drug dog.,did she catch you using drugs?
shots for what?,so it won't get sick. just like you get shots.
i've been pretty busy myself.,so what have you been up to?
i hate going to parties.,"well, that's okay."
i think he is from outer space.,no human could possibly play golf that well.
"well, hold on a little longer.",i think i'm going to explode.
it's not comfortable.,it seems fine to me.
"yes, they are.",there's a real nice park nearby.
i see that you're pretty talented.,thank you very much.
"hello, may i speak to alice please?",this is she. how's it going?
only 11 percent?,about 50 percent of the time he's traveling.
"also, there aren't enough police.",but there are a lot of police.
it's in california.,is it in northern california?
so what have you been up to?,i've just been working a lot.
"you won't catch me, because i love you. i'm not a cheater.",i will poke your eyes out. 
i got it from macy's.,it's really nice.
maybe the banana was bad.,"no, the banana was delicious."
"if i smelled bad, i could smell me.",i can smell you.
i can't do that.,why not?
tell me when you finish.,i don't think so. you'll just give me more work.
to the grand canyon?,yes. i've never been there.
"so, it's pretty old now.","yes, it is. but it still looks good."
the only thing in my backpack is used books.,but thieves don't know that.
i'm guessing that she's going to give me my invite today or tomorrow.,"you're probably right, do you intend on going to the party?"
you should have been there. it was intense.,is that right. who ended up winning?
how can i prove it?,take me to dinner.
high school.,i teach high school english.
the streets are clean and quiet.,the neighbors don't party on the weekends.
i saw you looking at that woman.,what woman?
did you read this article?,what article?
your shoes look really nice. how much did you get them for?,they only cost me about forty dollars.
i'm not interested in her.,then why were you looking at her?
"hi, how are you. is alice there?",speaking. what's up?
they go out to the north parking lot.,what do the teachers do?
i tell my students to become a teacher.,teaching is a great job.
anywhere else?,then we went to a jazz club.
it's a yearly reminder to take care of our planet.,"oh, you mean like reuse things and recycle stuff?"
"no problem, you're welcome.",i will be glad to do the same for you when you're sick.
did you see that car?,"yes, he went through the red light."
"well, you should buy pants with stronger pockets.",i would if i could find someone who makes strong pockets.
"yes, like the government says not to worry about the swine flu.",but the swine flu just killed 20 people in mexico.
i was on a plane.,so?
"yes, that sounds nice.",how about some potato chips?
how much do we need to save?,we need to save enough for a down payment.
when do you have to be at the airport?,i have to be there two hours early.
"and the pickles were great, too.",tomorrow we'll have rice and fish for lunch.
why not?,because i'll never find one for such a low price.
"yes, there is.",i feel safe here.
so is everyone else.,but a cop might stop you.
life isn't fair.,it sure isn't.
let me look at our list.,i know that we need milk.
she would laugh at me.,how do you know?
i really like this house.,can we afford it?
i really want it to rain today.,"yeah, so do i."
that's ridiculous!,you don't like pretty women?
"oh, look. here's the little sticker that was on it. it's called a pink navel.",what is this world coming to?
"like what, for instance?",i enjoy rock and r&b.
"number three, it doesn't run 24 hours.",you're right. buses don't run late at night.
she said that nothing is more important to me than money.,what did you say?
how many cars?,eleven cars.
what are we going to do?,about what?
even if it's only for a short while.,it's always good to have friends.
you're funny.,what did you say? i think i've gone deaf.
it was hot and sunny every day.,what did you do at night?
"of course not. if i do that, i'll lose my job.","yes, they don't like troublemakers or complainers."
he's been in jail three times already.,why did they ever let him out?
it's too dangerous for kids and pets.,people need to cover their trash cans.
only if my candidate wins.,"well, he can't win unless you and others vote for him."
did he understand what the problem is?,yes. i told him our doorbell doesn't work.
our team won 101-98.,sounds like it was a close game.
why do you want to move there?,because i want to make a lot of money.
they say they want change.,what kind of change?
the battery was dead.,a good battery would have saved his life.
do you know what you're going to do this weekend?,i am going to see a movie with a friend of mine. what about you?
then he didn't bother to apologize.,that's rude.
we'd better get ready to go.,it's an upstairs unit.
i turned up the volume.,"that's not what i meant by ""do something."""
rained out?,"yes, rained out."
we can go to the river.,or we can go to the lake.
"no, i haven't. why?",i really want to go to the movies this weekend.
you're talking to her.,i've called you a hundred times today.
i do too. that way we can have our activities planned ahead of time.,"yeah, that would make things a lot easier."
just boil raw peanuts in salt water until the shells are soft.,i'll have to try them sometime.
what else can you do?,i'm a handyman.
so maybe he'll go to jail forever?,i sure hope so.
i'll squeeze the cloth so it's almost dry.,don't rub the numbers off the remote.
i really wish i went to the game.,it was the best game ever.
i'm sleepy.,why don't you go to bed?
what was the score at the end of the game?,our team won 101-98.
"yes, and you have to make a reservation.",that's such a hassle.
"this california weather is so uncertain, it's impossible to know what'll happen.",i know. every day the weather seems different.
congratulations on your promotion.,thank you very much.
can't you take medicine or something for it?,"i've tried everything, but nothing works."
"take me to a nice restaurant, not to mcdonald's.",but a nice restaurant costs money.
what do you mean?,"if you're going to make a wish, wish that you were really rich or famous."
oh.,"i apologized to her, but i could tell she was still upset."
there's no sugar or cream in it.,"no, it's a taste you have to get used to."
i know. i think it may rain.,"it's the middle of summer, it shouldn't rain today."
"oh, that's so delicious.",we also get leather.
two students from usc.,what happened?
i was not looking at her.,"you were, too."
"yes, i do.",what college do you go to?
really?,"yes. i think when you get old, you begin to smell."
which one do you want?,that one. the one that's all black.
i must not use this finger until the cut heals.,it might take a day or two to heal.
you haven't told me anything yet.,i got a promotion at work earlier this week.
we never have to call the police about anything.,our kids are completely safe.
no human can do that.,somebody should check his birth record.
"clean the sink, the tub, the counter, and the toilet.",that's a lot of work.
but a cop might stop you.,"no, he won't. some cars are doing 85."
how much is it?,i don't know. the tag is missing.
it's more like news for kids.,they should have kid reporters.
that sounds like fun. where do you want to go?,i want to cruise to hawaii.
no. that will cost too much money.,so it's better to save money than to have an honest election?
he will solve our problems.,he will end the war.
are you going to go anywhere?,i was thinking of driving to arizona.
"the kids love the house, too.","if we don't buy it, someone else will."
thank you. i just bought these new shoes earlier today.,those are nice. what are they?
"it sure is, but i'm going to call hp first, just to make sure.",will you lose all your files?
but his latest fire killed someone.,this time they have charged him with murder.
what kind?,a ham sandwich.
that's not a good start.,then he didn't bother to apologize.
your neighbors will hate you.,"if they don't like it, they can move."
"yes, that's right. it does get boring.","especially if it's the same work, over and over."
no. they said there are some things you can't explain.,so are they going to hold another election?
"oh, yes, here it is. do you want a sandwich?","yes, that sounds nice."
"it's not too much, only about $85.",plus installation?
i used to work in a deli.,how did you like it?
"well, i think you look nice today too.",thanks. i found these new shoes earlier at the store.
where does he travel to?,"oh, all over the world."
the son gave a nice speech about his father.,"it was long, too."
because you helped make it dirty.,what do you want me to do?
"i had a car problem, so i went online.",did you find a solution?
what would you like to see?,"oh, i don't care. you're the one who wants to go out."
doing what?,i'm going to dinner with my family.
i ate free cheese and meat every day.,that sounds like a great job.
"oh, look. here's another shirt just like it.",does it have a price tag?
cigarette lighters. i'll make a fortune.,but you hate cigarettes and you hate smoking!
so do i.,"i read it once, and i subscribed."
the digital signal is very clear.,"oh, no, it isn't!"
do they know what the robber looks like?,"yes, he's 6 feet tall, 200 pounds, black hair, and about 30 years old."
it should be warmer in a few minutes.,it's so nice to have a heated apartment.
"yes, but they seem to have legs.",tomorrow i'm going to buy an electric sharpener.
i don't have any idea.,you know what you did.
it's on the tip of my finger.,a band-aid might not work.
is that it?,yes. that's all i ever give her.
where's the mustard?,"it's in the fridge, i think."
my car is dirty.,why don't you wash it?
i've just been working a lot.,"whatever the reason may be, i'm glad you visited me."
you should loosen your belt.,i already loosened my belt and unbuttoned my pants.
i love your outfit right now.,"well, i think you look nice today too."
why are you yawning?,i'm sleepy.
then i did my laundry.,that takes some time.
really?,"yes, it's just a couple of screws."
are you sure? i never heard of such a thing.,"i just peeled it, and i'm looking at it right now."
it's so nice to have a heated apartment.,how did they survive in the old days?
"still, it's safer than florida.",florida doesn't have earthquakes or fires.
what are you doing?,i'm going to change the light bulb. it burnt out.
our cousin went into labor and had her baby last week.,she did? why didn't anyone tell me?
"in fact, it's chilly in the apartment, too.",let's turn on the heat.
my back is killing me.,what did you do?
you need a bath every day.,why?
but i stopped!,"no, you didn't. you slowed down, but you didn't come to a full stop."
what's the weather going to be like this weekend?,"i don't know. whenever the weather comes on, i switch channels."
you know what that means.,i forgot.
"it really does, i can't wait.",what time does the party start?
"well, most corporations do think only about money.",he hates democrats and republicans.
because i'll never find one for such a low price.,you're right about that. keep saving your money.
i thought about getting out and taking a taxi home.,what happened at the restaurant?
i bought lots of oranges and apples.,i don't want fruit. i want something tasty.
i didn't know that you saw superbad before.,i made sure to be in line to see it the first day it came out.
"also, i bought a can of cheap coffee and a bag of good coffee.",why did you do that?
"no, i don't like nose drops.",they work great.
"i really don't know, but i don't think she gave out that many yet.","i really want to go, so i hope that she gives me my invite soon."
and then they blow smoke out of their mouth.,they think it's cool.
don't ask me.,"then they also shouldn't tell us if the robber is male or female, because that is sexist."
i thought you knew.,i honestly didn't know.
different thingsÂ—not the same thing all the time.,"you mean, like a pepperoni pizza instead of a cheese pizza?"
it would be weird if it started raining in ninety degree weather.,any rain right now would be pointless.
i add some pepper and salt.,i always put cheese in my salads.
being broke is no fun.,even if it's only for a short while.
"you know, that woman with the big boobs.",i was not looking at her.
that's six times a year!,"yes, and it takes about five minutes each time."
what do you mean?,"i mean, it's just coffee."
i bought three pounds of potatoes for a dollar.,that's a good deal.
i want to move to new york.,to the state or the city?
"well, listen to me. you need to buy a ticket now.",but maybe prices will be cheaper in october.
no way! i don't want to fall to my death.,don't worry. only one person has ever fallen off a mule.
thirty thousand dollars! that will take forever.,not if we save every penny.
did you hear the news?,what happened?
"before you go to that interview, check yourself.",what's to check?
my dad got to see the beautiful new world war ii monument.,that trip must have cost a lot of money. 
"first of all, he was half an hour late.",that's not a good start.
they forget where they came from.,maybe you should run for office.
i wanted to see if you wanted to come.,"this friday? sorry, i already have plans."
"nothing really, you?",i'm throwing a party next saturday.
i love cheese.,me too.
"well, he's made a few changes.",like what?
the artist said the jar was both full and empty.,but it was full of pencils! how could he say it was empty?
"whenever he needs a shot to win a tournament, he makes that shot.",no human can do that.
"i think i know, because this happened before.",what happened before?
it starts at 8 o'clock.,"oh, well, how many people has she given invites to so far?"
but i got lucky a few minutes later.,you have to be lucky to find a parking space.
they might think that i've got an ipod or laptop in there.,now you're thinking.
"yes. nothing's perfect, not even in heaven.","boy, that's a tough one."
i think it's five miles deep.,are there fish at the bottom?
thanks. i found these new shoes earlier at the store.,i think that those are some really nice shoes. what kind are they?
how did they survive in the old days?,they had fireplaces.
"it doesn't matter. old blades cut, new blades cut.",maybe you should use an electric shaver.
of course they match.,"no, they don't. one is black and one is dark blue."
"first you dial seven numbers, then ten numbers, then ten more numbers.",yikes. i think i'll keep my long distance service.
"and ruth was a good person, too.",he always visited hospitals to cheer up sick kids.
worried about what?,i'm getting married.
i figured that.,it's not too bitter for you?
"do it quickly, please, so i can change channels during commercials.",i'll give it back to you in a couple of minutes.
he might tell me to rest for a while.,he might want to cut you open.
why is that?,i warned her about her new boyfriend. she didn't listen to me.
there's nothing in it.,what do you mean?
why not?,i really can't stand going to parties.
"oh, no, it isn't!",what do you mean?
i had a busy morning.,what did you do?
i'll use a damp cloth.,don't let water get into any of the cracks.
did you even bother to go to school today?,"yeah, i went. did you go?"
i didn't do anything.,"oh yes, you did."
i enjoy drawing and painting.,you know how to draw and paint?
me too.,why do you hate to go outside?
that's okay with me.,i will have a radio in every room of my house.
don't you ever cheat on me.,why would i do that?
what is this world coming to?,who knows? maybe soon we'll have pink bananas.
a tutor helped me get the d!,"so, you didn't become a doctor."
those are nice. what are they?,these are some chucks.
yes. he's telling jokes about his eight years as president.,"yes, those eight years were a lot of fun for everyone."
you must be lonely. i will share my friends with you.,that's very nice of you.
then why aren't i having fun?,because you're thinking too much.
he landed on the hood of the car.,did he get off the hood?
the cat doesn't care about anything.,that's the way cats are.
then the waiter will give you a big smile as he brings you the new steak.,where do you get these crazy ideas?
nothing really. how about you?,"a lot, like the party i'm having on friday."
i thought it was next sunday.,"well, you'd better get her something."
i hope we'll catch a foul ball.,bring a jacket.
but what can you do?,you can yell at them.
"if we are good, we will be happy in heaven with god.",that's what many people believe.
"when he licks his lips, you know he has a good hand?","i know he has a good hand, so i don't bet."
it's a great price. but you have to dial a lot of numbers.,how many?
it has the rose parade.,it has beautiful houses.
i cut my finger.,how did you do that?
i've never been to a french restaurant.,i think you'll love the food.
i have to get off the phone now.,i'm not ready to get off the phone with you.
what happened?,"a speeding car ran a red light, killing the girl."
tell me what you've been up to.,i've really been working a lot lately.
neither did i.,i was busy the whole day.
my stomach was bothering me.,are you feeling any better?
how far away is it?,it's only 10 minutes from here.
"yes, i saw it on the tv news.",they need 300 new workers.
i will poke your eyes out. ,i don't want any other woman.
and you get to play with a lot of dogs.,"well, you're supposed to be working."
because men like to cheat.,"some men do, but not me."
look at these marks on my arms.,what are they?
i don't even know why we need to fix it.,in case we have visitors.
there was a bomb threat at the airport.,only a threat?
that's nice.,are you going to be there?
"yes, it is.",i'll put on my cap.
i really wish it wasn't so hot every day. ,me too. i can't wait until winter.
people say that everybody loves obama.,"well, more than 50 million people voted for mccain."
that's what i'm going to do.,are you going to wash it yourself?
"hey, did you hear about jessica's party this weekend?","yeah, but i'm still waiting for my invitation."
and it's a corner unit.,that's great. we won't have neighbors on both sides of us.
"""she loves you, yeah, yeah, yeah!...""","""Â…and you know you should be glad!"""
he hates corporations.,"well, most corporations do think only about money."
"i didn't want to, so i didn't.","that's sad, but have you gone to the movies recently?"
he might want to cut you open.,he might say i'm okay.
can we call the police?,"no, the police don't care."
it's such a chore.,"brush, brush. spit, spit."
"yes, i know. some people are rude.",i always try to be polite.
is it easy to learn?,"yes, it will only take about 30 minutes."
i agree.,this city is full of jerks.
oh. that's simple enough.,"always print clearly, and fill in the bubbles completely."
i said i have to go to the bathroom.,that's what i thought you said.
i liked it.,"i'll give you a speech like that, too."
he will end the war.,the next four years will be good years.
that's true. where did that money go?,our legislators spent it on first-class travel all over the world.
what about the pillowcases?,"yes, i took them off the pillows and washed them."
the city is buying guns.,what are they paying?
oh. that's not good.,"no, it isn't. a flat costs you time and money."
it seems that it may rain today.,hopefully it will.
why is there so much crime?,because parents don't teach their kids right from wrong.
but i'm worried about tiger.,why is that?
"well, she'll probably just give me my invitation later on today.","yeah, so are you planning on going?"
hold your breath till we get there.,"okay, my seatbelt is on."
do you believe in god?,of course.
do you like it there?,it's okay. it's a really big campus.
what for?,i was crossing the street.
i'm attending pcc right now.,are you enjoying it there?
our kids are completely safe.,so why are we selling our house?
so why did you get a ticket?,the officer said the red hand was blinking.
"no, that's not the problem.",maybe it will go away in a little while.
so what was the score?,the score was 101-98.
"no, i'm serious.",doesn't that get old?
i like my food hot and fresh.,you like to see it disappear.
"the last time we went, you almost drowned.","no, i didn't."
i like the ones i can sing along with.,"so do i, like ""she loves you."""
"yes, he's 6 feet tall, 200 pounds, black hair, and about 30 years old.",what race is he?
someone should set him on fire.,that would teach him a good lesson.
what do you want the waiter to do?,bring me a better steak.
"they are clean, too.",did you shine your shoes?
maybe i will be the first!,i've been thinking about learning spanish.
would you like to see a movie with me and my friend?,do you know what movie you're going to watch?
why are they doing this?,they want to get guns off the street.
a coffin costs too much and takes up too much space.,"yes, but it will be in a cemetery where your children can visit you."
it's the best job i've ever had.,what makes it so good?
he hates democrats and republicans.,"well, they do put their party before their country."
i know. i really want to go to the beach.,but you know that california weather is really unpredictable.
they want 20 percent down.,that's a lot of money.
what do you have to do?,i'm having dinner with my family
do they help you run faster?,"no, but my feet don't hurt anymore."
did you tell her about school?,i told her that school is fun.
i mean i have wonderful students.,that must be nice.
that is a beautiful house.,i don't like it.
you shouldn't carry pens in your pocket.,yesterday a pen fell through my pants onto my shoe.
some people would just pick it up.,"yes, i know. some people are rude."
what race is he?,they didn't say.
debrah already had her baby.,i didn't know that.
my dad had to buy a new car.,wow! that's terrible.
so what? they still drove off.,the husband said a fire department was nearby.
what do they say about us?,they say that we are funny-looking.
so do you think it'll be perfect weather for the beach?,it sounds like it will be.
i like to watch people.,that's your favorite thing to do?
good for him.,why would he do that?
it isn't easy to see.,but it's real easy to slip on.
i know a good chinese restaurant.,how far away is it?
"no, i never did. all i know is that i got a's and b's in school.",i wish i was really smart.
and then what?,and then she'll know that you like her.
not a lot. what about you?,i'm throwing a party on friday.
what does she look like?,"well, she's quite short."
but the house is so nice.,it's in a great neighborhood.
"yes, it would be. ",i really wish it wasn't so hot every day. 
don't vacuum it now.,don't you want me to clean up the mud?
what are you talking about?,you know what i'm talking about.
"wear a jacket, too.",i wonder if i should bring my gloves.
that's not nice.,it's worse than that.
isn't it a nice day?,it really is.
did you save any money on the sale?,"yes, i did. i saved about $50."
he said a doctor helped him with a personal problem.,he said he wasn't using drugs.
i'm sorry for you.,thank you.
okay. i'll feed him right now.,you shouldn't make him wait.
i used all my savings on this one company.,you put all your eggs into one basket.
is this a clean restaurant?,"well, the tables and chairs look okay."
do you think i'm getting fat?,i didn't say that.
when you go to church?,"no, when i call him on his cell phone."
"that should be a nice trip. lots of fun, and lots of food.",i have no idea how much it will cost.
you bought a new car?,yes. i bought a cadillac.
how can he do that?,"when he is almost finished with one cigarette, he uses it to light another."
so?,"so, forget it."
what's to check?,are your nails clean?
was there much damage?,my dad had to buy a new car.
a man i met in a coffee shop.,where did you go?
to the state or the city?,"to the city, of course."
i believe that she will give me the invitation today.,are you even going to go?
"no, ten of my coworkers got laid off, too.",what are you going to do?
the man fell asleep.,was he smoking?
she's not too tall.,"well, how tall is she?"
i will keep knocking on doors.,all you will get is sore knuckles.
we don't even know what kind most of them are.,"there are lots of different kinds, but they all have one thing in common."
"without gravity, the water would go up.",you're joking.
i like to slide into the bases.,yeah. it's a lot of fun to slide.
it's no problem. i was really missing you anyway.,i missed you too.
"no, please tell me.",someone punched out someone.
i couldn't find any stamps.,they're in the kitchen drawer.
did he set a new record?,"yes, i think he did."
i can't believe that they would lie to us.,of course they lieÂ—that's what politicians do!
me too.,he will be a great president.
they are so weak.,a little cigarette controls them.
i had to blow my nose.,did you have to blow right next to the phone?
it's not even noon yet.,that means it will get hotter.
are you right-handed?,yes. all my life.
do you like this house?,"yes, it's beautiful."
people are always getting up to use the bathroom.,kids are crying or climbing over you.
your day was just like mine.,of course it was. we work together!
"no, the banana was delicious.",maybe you just need to go to the bathroom.
i feel sorry for you.,i have only a few friends.
how are you doing that?,i started shopping at the dollar store.
no one makes any money at it.,shakespeare was a poet.
are there any hobbies you do?,"when i have time, i sometimes draw and paint."
the weather this weekend is supposed to be warm.,will it be good beach weather?
i'll say! i've gone around the world a dozen times already!,now they're adding old tv shows to the old movies.
it leaves at 12:15.,when do you have to be at the airport?
the price of stamps goes up and up.,i think stamps used to cost a penny.
what's your email address?,it's bluedog123.
of course! he's world famous.,did he ever take art lessons?
"what if you fall while you're holding the light bulb, and it breaks and pieces go into your eyes?",i never thought about that.
i have enough stress from trying to solve my own problems.,you and everybody else.
how soon can we begin?,ahora! that means right now.
why didn't she love you anymore?,she fell in love with my best friend.
"no, i'm looking for another family.",another family?
"i understand, i guess.",sorry about that.
the people are friendly.,i'm not ever going to leave.
"well, she did, her baby was 8 pounds 6 ounces.","oh my god, that's great!"
"yes, because you can be too sensitive to odors.",i'll say. my girlfriend has a nose like a drug dog.
so what were you calling me about?,"oh, i just wanted to see if you wanted to hang out tomorrow."
so maybe we better leave at 8:15?,"yes, it's better to get there too early than too late."
sometimes i wish i was back in school.,"me, too. school was fun."
"i know, you should really go and see her and the baby.",of course i will.
where did you park it?,i parked it right here.
"yeah, especially since it's ninety degrees outside.","i know, it would be horrible if it rained and it was hot outside."
i've been working too.,"well regardless, i'm very happy that you came to see me."
she had good reason. what did she do?,she told him to drop his girlfriend.
"yeah, i went. did you go?","no, i didn't feel like it."
can we go to the baseball game?,of course.
why?,because you get to meet a lot of people.
"oh, yes! ""let it be, let it beÂ…""","""Â…there will be an answer, let it be!"""
that's a good price.,"yes, it's cheaper than a hot dog or a beer."
i took something earlier.,get better.
do any other world leaders have a basketball court?,they will. you know america always leads the way.
i was busy the whole day.,so was i.
i hate flossing more than brushing!,i can't wait till all my teeth fall out.
he apologized to the fans.,the league suspended him for 50 games.
let's go to a movie.,i'd rather not.
"well, the tables and chairs look okay.","okay, let's sit down."
i appreciate that.,you have no idea how happy i am for you.
"criminals, of course.","anyway, i have to fix the hole."
that's horrible. i'd be happy to give you the assignments from english class.,"thank you very much, that's kind of you."
i always cry at the end.,me too. it's so sad.
a blind date doesn't mean that she is blind!,what does it mean?
let's go to the beach.,that's a great idea.
why do you say that?,the speed limit is 65.
of living.,"who knows? you live, and then you die."
i think stamps used to cost a penny.,that was a long time ago.
is that right. who ended up winning?,our team was victorious.
don't be nosey.,i'm not. i just want to know.
i've always liked to draw and paint.,i didn't know you knew how to draw and paint.
i buried him with his cell phone.,what will you do when the battery dies?
a family with only one baby.,that's a good idea.
it's close to the mountains.,the people are friendly.
thank you.,i hope they fit.
"you're not lying, i found that movie absolutely hilarious.",i didn't know that you saw superbad before.
she has pretty light brown eyes.,i may know which girl you're talking about.
"yes, we do.",what else do we get from cows?
excuse me.,yes?
"well, would you like to go?","thank you for inviting me, but i think i'll pass."
"yes, i do.",how did you get it?
i learned back in high school.,"oh, so you took an art class?"
"just lettuce, tomato, and celery.",that's it?
my parents are divorced.,so are mine.
i eat the same thing every day.,you're kidding.
i made sure to be in line to see it the first day it came out.,i couldn't keep from laughing throughout the whole movie.
is there anything you would like to do next time?,do you want to go out to eat?
is there a reason why you're trying to get off the phone so fast?,i've got to go.
i did.,what's wrong with them so soon?
more and more people are using macs.,but 90 percent of the world uses pcs.
what makes it so good?,"for me, it's the students."
"i'm sure i'll like it, too.",you should try riding a mule on a trail to the bottom.
not that i've noticed.,"well, maybe it's from the pollution in the air."
"you should be happy, not worried.","i am happy, but marriage is a lot of responsibility."
but people still write poems.,no one makes any money at it.
i couldn't wait. it was an emergency.,"oh, really? maybe you should have called 911."
did you take pictures at the world war ii monument?,"oh, yes. we all took lots of pictures."
he said he would buy her a nice ring.,what's wrong with that?
we haven't been in a while.,we haven't been in a month.
"yes, i did.",what did you wash?
that's the truth.,and you get to play with a lot of dogs.
all the radios will be on extra loud.,your neighbors will hate you.
i want to watch this tv show.,maybe you should record it.
why do you have to think about it?,because a puppy costs money.
i wish i had a talent like that.,i'm sure you have a talent. it's just hidden.
"oh, really?",you are coming?
yelling doesn't do any good.,no. the best thing to do is just stay home.
did he speak to every family that lost a soldier?,"no, he didn't have time to do that."
the walls were so thin.,all day long we heard tvs or telephones.
"what's ""variety?",different thingsÂ—not the same thing all the time.
open the book.,the book is open.
"yes, it was love at first sight.",i didn't love you at first.
are you looking for another job?,"no, i'm looking for another family."
what do you need for school?,i need pencils.
i didn't get home until 30 minutes ago.,why is that?
i guess he has to be very careful about what he eats.,he has a very strict diet.
i voted for ralph nader.,who in the world is ralph nader?
"so, a little salt and pepper never hurt anything.",it hurt her feelings.
"well, i meant to.",don't ever be in a hurry when you're driving.
how about this table?,"no, it's too close to the front door."
you would float into the sky like a balloon.,that would be fun!
all the news in only 50 pages.,i like the political cartoons.
like what?,"well, if i have a big test at school."
i listen day and night.,what do you listen to?
"so, you didn't become a doctor.",and now i'm glad that i didn't.
too bad i was busy. i really wanted to go.,"yeah, you should have. it was really exciting."
"yes, it was.",why didn't she love you anymore?
how did you get it?,i don't know. maybe it was from a shopping cart.
i'll keep my receipt and my gun.,i didn't know you had a gun.
tell her i said hello.,okay. i'll return your pen when i'm done.
you can travel all over the world.,i know. i went to china yesterday.
is that right?,it's the truth. i am really happy.
i'm going to change the light bulb. it burnt out.,what are you standing on?
"i am happy, but marriage is a lot of responsibility.","yes, you have to take care of your wife."
the league suspended him for 50 games.,that will cost him some money.
"oh, really? maybe you should have called 911.",it wasn't that kind of emergency.
i enjoy selling. i was born to sell.,"okay, what do you want to sell?"
think about something else. think about a hamburger.,"i'm thinking, but i still have to go."
is this table okay?,"no, it's too close to the kitchen door."
do you know which one he would like?,"oh, yes, i took him there yesterday. he showed me one that he really liked."
maybe you should record it.,the tape recorder is broken.
i mean you're wasting your life.,i'm having fun.
"i'll vote for him next time, too.",i think everyone will.
did you see that puddle of water on the floor?,yes. i called for a clean-up.
that's great. we won't have neighbors on both sides of us.,no pets are allowed.
i got out of my car.,that's it?
then why are some schools telling the kids to stay home?,"the government says to wash our hands frequently, and we'll all be okay."
i'll see you tomorrow then.,see you then. goodbye.
"yes, but the red hand was blinking.",so? that's a ticket?
how did you like it?,i loved it. i still remember how amazing it was.
thank you.,when did he die?
maybe you should use an electric shaver.,"they make a lot of noise, but they don't give a close shave."
how rude.,but i got lucky a few minutes later.
no. that's incomplete.,what do you mean?
did you call the manager?,yes. he said he'd come over tomorrow.
a button is hard to find. did you look in your pant cuffs?,that's a good idea.
i really like that outfit.,"thanks. i think you look nice today, too."
"no, it doesn't. puppies are free.","yes, but a puppy needs shots."
where do you want to go?,let me think a minute.
"well, mostly i'll try to avoid it.","i mean, are you going to get buried or cremated?"
someone cut the tires.,what tires?
what is there to eat?,i don't know. look in the fridge.
"okay, just one more piece. pass the butter, please.","if i owned a restaurant, i would never serve hot bread before the main course."
it looks like blood.,i think my nose was bleeding.
i've been great. what about you?,i've been good. i'm in school right now.
are you going to be buried next to each other?,"oh, no. our ashes will be shaken into the ocean."
look! he just got out of the car and started running.,i hope the police catch him.
"with toast, ham, sausage, fresh fruit, and juice.",wow! that is nice. let's stay for two nights.
the sports guy shows us players fighting.,"they always tell us ""what's next."""
where were the cars?,they were in the student parking lot.
i really missed you a lot.,i've been missing you like crazy.
why didn't you go before we left?,"i did, but i have to go again."
"a long time ago, flying used to be okay.",now it's like riding a bus.
what was the problem?,someone cut the tires.
she weighs 98 pounds.,"okay, she's not fat. so what's the problem with her?"
"no, i had no idea.","well, she did, her baby was 8 pounds 6 ounces."
they're very comfortable.,how much were they?
what do you mean?,our monthly payments will be too high.
that election for u.s. senator stunk.,what do you mean?
shake it a couple of times.,i shook it. there is no more ink.
what college do you go to?,i go to pasadena city college.
sure. why not?,because food and other stuff sticks in my beard.
that's it? that's all i have to do?,"take me to a nice restaurant, not to mcdonald's."
i'm really glad that you came to see me.,i had to. i was missing you a lot.
so?,"so, every time the plane goes up, my ear starts to hurt."
so you're not very good at math?,i'm terrible at math.
what were you doing?,i was scratching my nose.
i like this hotel.,what do you like about it?
why not?,the seats and windows are dirty.
i like to listen to rock and r&b.,why do you like that type of music?
"yes, but who is the greatest?",i'd have to say babe ruth.
what do you mean?,"he's old enough to be my father, yet he asked me out."
that sounds like a good spot.,we watch people walk by with their dogs.
i was hoping you would come.,i'll definitely try to make it the next time.
that's for sure.,no one knows what happens after we die.
when are we going to stop?,we'll stop at the next mcdonald's.
"maybe the room is nice, but not the bed.",what's wrong with the bed?
i wonder if every language has jokes.,of course! people everywhere like good jokes.
your orange isn't orange?,"no, it's dark pink!"
okay. teach me how to play.,we each get five cards.
that's not right!,"when i started to cross the street, the white walk sign was blinking."
but that's what most people do.,"yes, i guess most of us are stuck in a routine."
where did you go?,we went to a nice restaurant.
then we can scrub it with a wet sponge and soap.,"after that, we can dry it with a towel."
because he likes to scuba dive.,what's wrong with that?
now he has the world record!,"but someone's going to break it, so what good is it?"
i'm falling asleep on the phone.,you got up real early.
what do you mean?,you would float into the sky like a balloon.
what if i don't like her?,then you don't date her again.
so are they going to hold another election?,no. that will cost too much money.
that's correct.,so what's the problem?
not yet.,then why are you watching tv?
"oh, that's terrible. what does she look like now?","her face is really fat, but they say the swelling will go down."
you should go to bed.,i will as soon as i finish this article.
what happened?,"i had a car problem, so i went online."
"no, thank you, i'll just wait.",we can kill two birds with one stone.
how so?,two guys got into an argument.
i stayed home because i wasn't feeling well.,what was your problem?
"yes, they are.",did you double-check your nose and teeth?
i like listening to different kinds of music.,"like what, for instance?"
we get a free breakfast.,coffee and a roll?
"that would ruin things, i want to go so badly.","the weather in california is unpredictable, so you never know."
do you believe everything you hear?,i don't believe anything i don't see with my own eyes.
"when i started to cross the street, the white walk sign was blinking.",you need to walk faster.
no problem. i'll give him food off my plate.,"oh, no you don't. puppies don't eat vegetables."
i had no idea.,is that right?
a hospital is the most dangerous place in the world.,"oh, yes, because of all the killer germs."
i can't believe it. i drew paintings like that in third grade.,where are they? maybe they are worth millions.
what kind of music do you enjoy listening to?,i enjoy listening to all kinds of music.
"exactly, it seems like it's going to be loads of fun.",when exactly does the party start?
so do i.,the world needs more polite people like us.
okay. i'll return your pen when i'm done.,take your time.
it shouldn't take him long to fix it.,i don't even know why we need to fix it.
"the weather in california is unpredictable, so you never know.",that is true. the weather is constantly changing.
"yes. the ones that will improve our schools, roads, and hospitals.",you mean the measures that will raise our taxes.
what are you talking about?,sunday is mother's day.
i do it every once in a while.,how long have you known how to do that?
i want sheets without stains on them.,"from now on, let's bring our own sheets."
did you put the letter in an envelope?,"yes, and i sealed the envelope."
they pay money to play this silly game!,i think golfers have a mental problem.
but you're right. there are a lot of fires.,a recent fire destroyed 85 homes.
why haven't you tried to come see me then?,i've been really busy.
did you hear what happened at the baseball game?,"no, please tell me."
winter is great. i wish it didn't get so cold sometimes though.,i would rather deal with the winter than the summer.
i'll have to try them sometime.,they're best when they're hot.
do you like it?,"oh, yes, i really like it."
"yes, i dried everything in the dryer.",then what did you do?
last year we made a big snowman.,how big was it?
was something wrong with the phone?,it works only in canada.
nothing.,there must be something on tv!
maybe he's just a liar.,"maybe i'll vote for someone else, too."
what have you heard about it?,it's based on a true story about a divorced man and his young son.
"yes, but a puppy needs shots.",shots for what?
they never shut up.,why did you get a poodle?
i'll bet he enjoyed his walk.,i vacuumed the entire house.
but you're doing 75.,so is everyone else.
never park your car under a tree.,"the wind will get you, or the birds will get you."
check your tires or you'll get a flat.,oh. that's not good.
"nothing much, what's going on?",i'm having a party this friday.
i'll bet this is the first time you've ever flown during christmas.,you're right.
will you go and visit them?,of course i will.
what's the matter with it?,it's too much like other flags.
but the swine flu just killed 20 people in mexico.,the government says we have nothing to worry about.
i think it was about 45 minutes long.,but it went by fast. it was interesting.
at 8:00 p.m.,i'll be there.
children seldom visit their parents in a cemetery.,"that's true. a cemetery is for dead people, not living people."
you're trying to tell me something.,that didn't take long.
we'll stop at the next mcdonald's.,how far away is that?
but girls like guys who are funny.,maybe we should learn some good jokes.
i'm watching you.,i'm an open book. watch me all you want.
i had to take my friend to the airport.,why didn't you take a nap when you got home?
old movies are the best.,even though they're in black and white.
i got a ticket yesterday.,what for?
"whatever a customer ordered, i sliced off a little more for me.",did you get fat?
"yes, he did. his cat died, too.",that's too bad. what about his smoke alarm?
"no, i just blow my nose a lot.",your nose is stopped up?
they were on sale for $80.,do they help you run faster?
i would love it if it wasn't always so unpredictable.,that would make it easier for us to make plans.
what do you do?,i'm a babysitter.
i really don't want to go by myself.,"well anyway, do you plan on going to school tomorrow?"
"well, you're supposed to be working.","yes, but i will always pet the friendly dogs."
"well, that's okay.","yeah, sorry."
perfect. we don't have to listen to barking dogs.,and there are only six units in the whole building.
are you enjoying it there?,it's not bad. there are a lot of people there.
who invited them?,some private organization.
"okay, let's sit down.",check out the silverware.
okay. i think i'll be awake by then.,"if not, your nose will wake you up."
we watch people walk by with their dogs.,i guess you see lots of different dogs.
did you always know how to draw and paint?,i was taught in high school how to draw and paint.
"yes, and he didn't tell the buyer.",i hope judge judy made the seller take the phone back.
because of all the security?,"no, because it hurts my ears."
i have only a few friends.,you must be lonely. i will share my friends with you.
when does it start?,at 8:00 p.m.
do you get pbs on tv?,"yes, everybody gets the public broadcasting system."
they bark at everything.,they never shut up.
a trip to the beach would be fun. how is the weather going to be?,the forecast says that it will be warm on the weekend.
people who live in california are crazy.,why is that?
no one at work likes him.,can't you report him to his supervisor?
what's the matter?,this steak has too much fat.
i'm a good card player.,why is that?
parking at school is impossible.,i'll say.
"okay, mom, maybe i was picking it a little bit.",use a tissue next time.
that's it?,i add some pepper and salt.
or artists.,they're in a different world.
you're not going to be buried?,a coffin costs too much and takes up too much space.
do you want anything to make you feel better?,"no, thanks. i already took some medicine."
of course i will.,i just wanted to give you the good news.
"oh, yes. we all took lots of pictures.",then you flew back home that evening?
what's the matter with this one?,it's not comfortable.
"oh great, we could both work at burger king.","maybe we'd get laid off there, too."
"thank you for inviting me, but i think i'll pass.",all right. another time then.
how about you see a movie with me and my friend?,what movie are you and your friend planning on watching?
"that's about $30,000.",thirty thousand dollars! that will take forever.
do you have a cold?,"yes, i do."
why not?,i don't really want to.
why is that?,because i love the snow.
i couldn't keep from laughing throughout the whole movie.,i was laughing hysterically the whole time; my stomach muscles hurt afterwards.
is there somewhere special you wanted to go?,how about a movie?
you can borrow mine.,thank you. i'll buy a new one tomorrow.
that is true. i hope it doesn't rain.,it wouldn't rain in the middle of the summer.
it's so much trouble.,it's common sense.
it doesn't look very nice outside today.,you're right. i think it's going to rain later.
"this friday, i'm throwing a party.",oh really? i didn't know that.
so are cigarettes.,which would you prefer?
the husband said he tried to help the boy.,"yes, he pushed him off the hood of the car."
poems are a little bit like songs.,"yes, but songs have music. without music, songs would suck, too."
what else do we get from cows?,we get hamburgers and steak.
"yes, a thrift shop has that same smell.","yes, an old smell."
it's okay.,so what were you calling me about?
it seems fine to me.,i toss and turn all night.
i wonder if i should bring my gloves.,"maybe you should, just in case it gets colder."
it comes from cows.,"so we get cheese from cows, and we get milk, too?"
like fruit that is too ripe?,"yes, just like fruit that is too ripe."
i hope they fit.,i hope you kept the receipt.
there's something wrong with my right hand.,what's wrong with it?
i will talk to your father about that.,i bet dad did it all the time when he was my age.
is it something you ate?,maybe. i'm not sure.
i feel so sorry for those people.,why feel sorry for rich people?
i want to be a mail carrier when i grow up.,why?
of course.,do you pray to god?
"so, what's the problem?","i sent them $20 using my credit card, but they never sent me the solution."
that's hard to take.,i've never heard him say please or thank you.
"well, you should do something that you enjoy.",i enjoy selling. i was born to sell.
is alice available?,you're talking to her.
"no, he said he gently placed the boy on the street.",so what? they still drove off.
why is that?,because of all the earthquakes and fires.
what else do they talk about?,they talk about food and the weather.
there's something wrong with my orange.,what's wrong?
i hope you kept the receipt.,you think they won't fit?
many shirts come with an extra button.,you're right. this one does have an extra button.
why did she leave you?,she said she didn't love me anymore.
who's paying for that?,i think we are!
when did you get divorced?,i got divorced two years ago.
i hope we'll see a home run.,i hope we'll catch a foul ball.
they brushed with their fingers.,they also ate with their fingers!
they both said i have to live with it.,or you can stay off planes.
it works only in canada.,did the seller know that?
i'll bet the car continued on its way.,of course it did. why stop after you've run over two people?
i'm getting married.,"you should be happy, not worried."
really? how many do you have?,"i don't know, maybe one hundred."
i could pick only one or the other?,"yes. nothing's perfect, not even in heaven."
i meet too many jerks.,i agree.
then they're worth every penny.,you might want to buy a pair.
i'm going to the movie theater with my friend. what are you going to do?,i'm not quite sure yet.
that one. the one that's all black.,"yes, i like that one, too."
it's so tight that it's hard for me to breathe.,hold your breath till we get there.
"then i add butter, salt, and pepper.",can i have all those cans of tomato sauce you bought for your pasta?
that's a good idea.,i bought some new shoes.
the husband said a fire department was nearby.,so what? did he dial 911?
did you put the sheets on the beds?,"yes, and i put the pillowcases on the pillows."
i'm on a new diet.,what are you eating now?
such as?,"yesterday, a woman complained about a cell phone she bought on ebay."
"oh, no. help yourself.",i asked because the paper is sitting next to you.
that sounds like fun.,where do you want to go?
why doesn't it close?,who knows? they said they'll fix it before next season.
"$1,000.","well, that should get you something."
that's terrible! when did it happen?,i got laid off last week.
my parents go to church every sunday.,they trust in god.
is it his money?,no. movie stars give him money to give to homeless people.
did you double-check your nose and teeth?,"they are clean, too."
"no, i hate vegetables.",but you eat fruits.
"maybe it was, but answer the question.","no, not recently."
lucky for you it wasn't a sharp knife.,who carries a sharp knife in their pocket?
about what?,about finding a job for me.
of course they talk about us.,what do they say about us?
did someone steal it?,i sure hope not.
which one?,any one. i need to sharpen this pencil.
"well, i need some help.",with what?
how many best friends do you have?,i think about twenty-five.
i especially love the night air when it rains.,really? why?
she told him to drop his girlfriend.,what did your father do?
that means month/day/year. use numbers.,i don't understand.
sometimes.,what does she do?
because you're thinking too much.,so i should stop thinking?
he sank a 20-foot putt on the last hole to win by one stroke!,he sank a 25-footer last year at the same tournament to win by one stroke.
i knew you didn't love me.,"okay, okay! i'll make a reservation right now."
so it's better to save money than to have an honest election?,"well, the democratic party says it was an honest election."
"i can smell you, too.",that's my perfume.
the police need our help finding a robber.,how do you know?
i can smell you.,"i can smell you, too."
there sure areÂ—at least a million.,so how do you plan to become rich?
then wait till you find a tissue.,i couldn't wait. it was an emergency.
where do you get these crazy ideas?,i used to cook in a restaurant!
did he crash?,"no, he just landed the plane and walked to a restaurant."
they're best when they're hot.,my brother is allergic to peanuts.
i'll teach you one.,okay. what will you teach me?
"we need cheese, bread, and ham.",what kind of cheese?
i wasn't done talking to you.,"i have to do some things, and besides, it's not polite to be nosey."
"yes, with the voter instructions.",how are you going to vote?
okay. i'll take your word for it.,i thought you had an elephant in your house.
how much are they?,they're only $5 each.
what's the matter?,i was on a plane.
i want to do something tomorrow with you.,sounds good. what did you have in mind?
it certainly is.,you hit a white ball.
why weren't you at school yesterday?,i wasn't really feeling well.
"oh, why is that?",it's the funniest movie that i've ever seen.
you know what you did.,"maybe i know, but how could you know?"
you like to see it disappear.,i don't like it reheated.
i think golfers have a mental problem.,i think they're nuts.
there's a real nice park nearby.,"yes, there is."
no problem. these pants have an elastic waistband.,you are so smart!
what was your problem?,my stomach was bothering me.
yesterday a pen fell through my pants onto my shoe.,lucky for you it wasn't a sharp knife.
it's close to the beach.,it's close to the freeways.
sure. why do you need it?,i want to buy lunch.
we have to find a cheaper house.,of course. we can't live without gas or peanut butter.
so how do you make long distance calls?,i use a calling card.
where do the students go?,they go out to the north parking lot.
he's a good speaker.,and he's really smart.
what good does it do?,you get to put someone in power that you like.
i think i lost it today. i used it yesterday.,did you check all your pockets?
that's a great idea.,"yes, all the markets just started offering wipes to shoppers."
they were in the student parking lot.,how many tires were cut?
have you ever lost a letter in the mail?,"no, i haven't."
doing what?,working.
"yes, it was.",they said about 30 houses burned to the ground.
how many tires were cut?,one or two tires were cut on each car.
"no, i didn't go, i've been sick.",that sucks. did you want the assignments from english class?
how long did it take?,"four hours, without a break."
"the pants are fine, but the pocket has a huge hole in it.",you shouldn't carry your keys and pens in your pocket.
i don't know. look in the fridge.,i think i'll make a sandwich.
you have a lot of plants.,then i did my laundry.
i'm trying to stretch my dollars.,how are you doing that?
how about a movie?,a movie sounds good.
i'll give it back to you in a couple of minutes.,maybe we should put it in a plastic bag to keep it clean.
ask the clerk.,i will.
i would like to take a trip to the beach this weekend.,a trip to the beach would be fun. how is the weather going to be?
how are you going to do that?,i'll just use the atm.
sort of. she knows whenever i sneak a cigarette.,you don't need a good nose for thatÂ—cigarettes stink.
"well, a d is better than an f.",a tutor helped me get the d!
all the tv stations are going to go digital.,"yes, that will occur next month."
"four hours, without a break.",it's always nice to finish a job.
he'll give you a prescription for glasses.,i'll make an appointment tomorrow.
i think only the family will be there.,"you have lots of friends. they will be there, too!"
i can't believe he won the election.,only 15 percent of the voters turned out.
what are you doing this weekend?,i'm going to the movies with a friend. how about you?
"not a lot, what about you?",i'm having a party next saturday.
that was a long time ago.,it was before i was born.
"yes, it's a $140 ticket.",that's not right!
a new hotel is looking for workers.,"yes, i saw it on the tv news."
"the island is so green, and the water is so blue.",did you go swimming?
i don't have enough will power.,of course you do.
where are the band-aids?,i think they're in the medicine cabinet.
do you really love me?,of course.
"yes, but i will always pet the friendly dogs.",what about the unfriendly dogs?
"oh, yes, i took him there yesterday. he showed me one that he really liked.",i bet you had to drag him away.
how long did it take?,it took us all day.
"oh, you actually do that?","every so often, i do."
i didn't think you saw that movie.,i went to see it the day it came out.
"well anyway, do you plan on going to school tomorrow?","no, i think i'm going to go to the movies."
"well, i guess you have to live with it.",sometimes i want to throw it out the window.
i really hope it rains today.,"yeah, me too."
i hope i come back as a cat.,cats have beautiful eyes.
i don't want to go to hell.,let's go to church with your parents on sunday.
i like this magazine.,so do i.
what did the doctor say?,he thinks i have too much stress.
"a lot, like the party i'm having on friday.","well, that's cool."
that means we have to leave the house at 9:15.,"well, it's an hour to get there, if there are no traffic problems."
"let me look. no, it's not there.",many shirts come with an extra button.
what are you reading?,it's about crime in los angeles.
i see that former president bush is at a conference.,yes. he's telling jokes about his eight years as president.
i sure am.,you should go to bed.
what's that?,people talk about current events.
it's in a great neighborhood.,it's close to the beach.
"that's right, it really would be.",i want it to cool down some.
he moved out of our house.,i guess he really liked his new girlfriend.
"i'm sorry, but i have to go.",fine.
don't order for me. i'm not hungry.,"i'm very hungry. i'll order for you, and then i'll eat yours."
i really like those. how much did they cost?,they were about forty dollars.
it's supposed to start at about eight.,how many invitations has she given out?
what do they talk about?,they talk about other animals.
i really love how rain clears the air.,me too. it always smells so fresh after it rains.
it's about crime in los angeles.,what does it say?
you would do the same for me.,of course. what are friends for?
have you met the new girl?,no. have you?
everyone likes bacon and tomato sandwiches.,especially on toast.
stop thinking about what the point is.,okay. i'll start thinking about having some fun.
did they catch him?,"yes. after two u.s. fighter jets followed him for an hour, he landed on a highway."
why's that?,a hospital is the most dangerous place in the world.
i'll talk to you later.,what's the rush?
i started teaching five years ago.,how do you like it?
